GEO.id,GEO.id2,GEO.display-label,HD01_VD01,HD02_VD01
Id,Id2,Geography,Estimate; Median household income in the past 12 months (in 2017 inflation-adjusted dollars),Margin of Error; Median household income in the past 12 months (in 2017 inflation-adjusted dollars)
1400000US06059001101,06059001101,"Census Tract 11.01, Orange County, California",87606,9432
1400000US06059001102,06059001102,"Census Tract 11.02, Orange County, California",89531,12147
1400000US06059001103,06059001103,"Census Tract 11.03, Orange County, California",58304,14729
1400000US06059001201,06059001201,"Census Tract 12.01, Orange County, California",58401,6371
1400000US06059001202,06059001202,"Census Tract 12.02, Orange County, California",66719,7972
1400000US06059001301,06059001301,"Census Tract 13.01, Orange County, California",77845,10750
1400000US06059001303,06059001303,"Census Tract 13.03, Orange County, California",77227,8072
1400000US06059001304,06059001304,"Census Tract 13.04, Orange County, California",61736,10191
1400000US06059001401,06059001401,"Census Tract 14.01, Orange County, California",61274,16334
1400000US06059001402,06059001402,"Census Tract 14.02, Orange County, California",74957,20074
1400000US06059001403,06059001403,"Census Tract 14.03, Orange County, California",99968,9638
1400000US06059001404,06059001404,"Census Tract 14.04, Orange County, California",61831,15700
1400000US06059001501,06059001501,"Census Tract 15.01, Orange County, California",89951,25272
1400000US06059001503,06059001503,"Census Tract 15.03, Orange County, California",81308,9504
1400000US06059001504,06059001504,"Census Tract 15.04, Orange County, California",76250,12646
1400000US06059001505,06059001505,"Census Tract 15.05, Orange County, California",104043,15248
1400000US06059001506,06059001506,"Census Tract 15.06, Orange County, California",68793,7346
1400000US06059001507,06059001507,"Census Tract 15.07, Orange County, California",77067,5589
1400000US06059001601,06059001601,"Census Tract 16.01, Orange County, California",94063,14001
1400000US06059001602,06059001602,"Census Tract 16.02, Orange County, California",114074,15881
1400000US06059001704,06059001704,"Census Tract 17.04, Orange County, California",105461,14495
1400000US06059001705,06059001705,"Census Tract 17.05, Orange County, California",81375,14259
1400000US06059001706,06059001706,"Census Tract 17.06, Orange County, California",120703,22877
1400000US06059001707,06059001707,"Census Tract 17.07, Orange County, California",110673,35720
1400000US06059001708,06059001708,"Census Tract 17.08, Orange County, California",77283,15016
1400000US06059001801,06059001801,"Census Tract 18.01, Orange County, California",51324,10359
1400000US06059001802,06059001802,"Census Tract 18.02, Orange County, California",48878,7814
1400000US06059001901,06059001901,"Census Tract 19.01, Orange County, California",77250,8462
1400000US06059001902,06059001902,"Census Tract 19.02, Orange County, California",86406,9228
1400000US06059001903,06059001903,"Census Tract 19.03, Orange County, California",65063,15381
1400000US06059011000,06059011000,"Census Tract 110, Orange County, California",65862,7379
1400000US06059011101,06059011101,"Census Tract 111.01, Orange County, California",56125,23694
1400000US06059011102,06059011102,"Census Tract 111.02, Orange County, California",71492,15689
1400000US06059011200,06059011200,"Census Tract 112, Orange County, California",69036,8457
1400000US06059011300,06059011300,"Census Tract 113, Orange County, California",74649,12351
1400000US06059011401,06059011401,"Census Tract 114.01, Orange County, California",77500,13705
1400000US06059011402,06059011402,"Census Tract 114.02, Orange County, California",111571,7647
1400000US06059011403,06059011403,"Census Tract 114.03, Orange County, California",59097,4728
1400000US06059011502,06059011502,"Census Tract 115.02, Orange County, California",65231,6018
1400000US06059011503,06059011503,"Census Tract 115.03, Orange County, California",90833,13398
1400000US06059011504,06059011504,"Census Tract 115.04, Orange County, California",37685,6549
1400000US06059011601,06059011601,"Census Tract 116.01, Orange County, California",49246,3365
1400000US06059011602,06059011602,"Census Tract 116.02, Orange County, California",48517,6362
1400000US06059011707,06059011707,"Census Tract 117.07, Orange County, California",82703,14964
1400000US06059011708,06059011708,"Census Tract 117.08, Orange County, California",61607,9242
1400000US06059011709,06059011709,"Census Tract 117.09, Orange County, California",108074,11056
1400000US06059011710,06059011710,"Census Tract 117.10, Orange County, California",106094,16073
1400000US06059011711,06059011711,"Census Tract 117.11, Orange County, California",63883,4620
1400000US06059011712,06059011712,"Census Tract 117.12, Orange County, California",73788,11828
1400000US06059011714,06059011714,"Census Tract 117.14, Orange County, California",73984,15774
1400000US06059011715,06059011715,"Census Tract 117.15, Orange County, California",87801,11673
1400000US06059011716,06059011716,"Census Tract 117.16, Orange County, California",129073,11332
1400000US06059011717,06059011717,"Census Tract 117.17, Orange County, California",96696,13262
1400000US06059011718,06059011718,"Census Tract 117.18, Orange County, California",113883,12638
1400000US06059011720,06059011720,"Census Tract 117.20, Orange County, California",43772,5073
1400000US06059011721,06059011721,"Census Tract 117.21, Orange County, California",49256,7409
1400000US06059011722,06059011722,"Census Tract 117.22, Orange County, California",60208,10011
1400000US06059021802,06059021802,"Census Tract 218.02, Orange County, California",69048,13326
1400000US06059021807,06059021807,"Census Tract 218.07, Orange County, California",91949,8973
1400000US06059021809,06059021809,"Census Tract 218.09, Orange County, California",132326,22416
1400000US06059021810,06059021810,"Census Tract 218.10, Orange County, California",118281,15507
1400000US06059021812,06059021812,"Census Tract 218.12, Orange County, California",103173,31193
1400000US06059021813,06059021813,"Census Tract 218.13, Orange County, California",-,**
1400000US06059021814,06059021814,"Census Tract 218.14, Orange County, California",104943,8314
1400000US06059021815,06059021815,"Census Tract 218.15, Orange County, California",122984,21322
1400000US06059021816,06059021816,"Census Tract 218.16, Orange County, California",99777,9377
1400000US06059021817,06059021817,"Census Tract 218.17, Orange County, California",109154,9088
1400000US06059021820,06059021820,"Census Tract 218.20, Orange County, California",139167,17541
1400000US06059021821,06059021821,"Census Tract 218.21, Orange County, California",89477,13003
1400000US06059021822,06059021822,"Census Tract 218.22, Orange County, California",146492,28332
1400000US06059021823,06059021823,"Census Tract 218.23, Orange County, California",125250,14697
1400000US06059021824,06059021824,"Census Tract 218.24, Orange County, California",154868,17148
1400000US06059021825,06059021825,"Census Tract 218.25, Orange County, California",121250,30974
1400000US06059021826,06059021826,"Census Tract 218.26, Orange County, California",73911,8927
1400000US06059021827,06059021827,"Census Tract 218.27, Orange County, California",111000,32213
1400000US06059021828,06059021828,"Census Tract 218.28, Orange County, California",176513,25376
1400000US06059021829,06059021829,"Census Tract 218.29, Orange County, California",175375,28705
1400000US06059021830,06059021830,"Census Tract 218.30, Orange County, California",144861,26252
1400000US06059021903,06059021903,"Census Tract 219.03, Orange County, California",98922,11821
1400000US06059021905,06059021905,"Census Tract 219.05, Orange County, California",118477,13832
1400000US06059021912,06059021912,"Census Tract 219.12, Orange County, California",162311,21238
1400000US06059021913,06059021913,"Census Tract 219.13, Orange County, California",70897,10700
1400000US06059021914,06059021914,"Census Tract 219.14, Orange County, California",103026,24283
1400000US06059021915,06059021915,"Census Tract 219.15, Orange County, California",118438,11926
1400000US06059021916,06059021916,"Census Tract 219.16, Orange County, California",107738,13994
1400000US06059021917,06059021917,"Census Tract 219.17, Orange County, California",147386,37574
1400000US06059021918,06059021918,"Census Tract 219.18, Orange County, California",92873,6893
1400000US06059021919,06059021919,"Census Tract 219.19, Orange County, California",125852,13263
1400000US06059021920,06059021920,"Census Tract 219.20, Orange County, California",125758,9090
1400000US06059021921,06059021921,"Census Tract 219.21, Orange County, California",161587,26759
1400000US06059021922,06059021922,"Census Tract 219.22, Orange County, California",89699,18914
1400000US06059021923,06059021923,"Census Tract 219.23, Orange County, California",140102,14247
1400000US06059021924,06059021924,"Census Tract 219.24, Orange County, California",120341,21209
1400000US06059032002,06059032002,"Census Tract 320.02, Orange County, California",133674,13694
1400000US06059032003,06059032003,"Census Tract 320.03, Orange County, California",118214,10916
1400000US06059032011,06059032011,"Census Tract 320.11, Orange County, California",100282,23631
1400000US06059032012,06059032012,"Census Tract 320.12, Orange County, California",107917,20977
1400000US06059032013,06059032013,"Census Tract 320.13, Orange County, California",101250,16819
1400000US06059032014,06059032014,"Census Tract 320.14, Orange County, California",53944,8139
1400000US06059032015,06059032015,"Census Tract 320.15, Orange County, California",112569,18224
1400000US06059032020,06059032020,"Census Tract 320.20, Orange County, California",126761,12232
1400000US06059032022,06059032022,"Census Tract 320.22, Orange County, California",80067,13443
1400000US06059032023,06059032023,"Census Tract 320.23, Orange County, California",160482,12836
1400000US06059032027,06059032027,"Census Tract 320.27, Orange County, California",88053,8647
1400000US06059032028,06059032028,"Census Tract 320.28, Orange County, California",86758,10335
1400000US06059032029,06059032029,"Census Tract 320.29, Orange County, California",101442,16905
1400000US06059032030,06059032030,"Census Tract 320.30, Orange County, California",103565,11967
1400000US06059032031,06059032031,"Census Tract 320.31, Orange County, California",137969,28054
1400000US06059032032,06059032032,"Census Tract 320.32, Orange County, California",112830,12916
1400000US06059032033,06059032033,"Census Tract 320.33, Orange County, California",95119,12959
1400000US06059032034,06059032034,"Census Tract 320.34, Orange County, California",160625,23793
1400000US06059032035,06059032035,"Census Tract 320.35, Orange County, California",99798,6517
1400000US06059032036,06059032036,"Census Tract 320.36, Orange County, California",108958,15356
1400000US06059032037,06059032037,"Census Tract 320.37, Orange County, California",71290,8233
1400000US06059032038,06059032038,"Census Tract 320.38, Orange County, California",129020,9734
1400000US06059032039,06059032039,"Census Tract 320.39, Orange County, California",123167,22276
1400000US06059032040,06059032040,"Census Tract 320.40, Orange County, California",134205,25328
1400000US06059032041,06059032041,"Census Tract 320.41, Orange County, California",96029,19029
1400000US06059032042,06059032042,"Census Tract 320.42, Orange County, California",141146,10463
1400000US06059032043,06059032043,"Census Tract 320.43, Orange County, California",177935,14155
1400000US06059032044,06059032044,"Census Tract 320.44, Orange County, California",156731,15163
1400000US06059032045,06059032045,"Census Tract 320.45, Orange County, California",153625,21811
1400000US06059032046,06059032046,"Census Tract 320.46, Orange County, California",209095,9133
1400000US06059032047,06059032047,"Census Tract 320.47, Orange County, California",81094,6221
1400000US06059032048,06059032048,"Census Tract 320.48, Orange County, California",111061,8338
1400000US06059032049,06059032049,"Census Tract 320.49, Orange County, California",133346,22822
1400000US06059032050,06059032050,"Census Tract 320.50, Orange County, California",119342,15431
1400000US06059032051,06059032051,"Census Tract 320.51, Orange County, California",64238,6858
1400000US06059032053,06059032053,"Census Tract 320.53, Orange County, California",106645,9578
1400000US06059032054,06059032054,"Census Tract 320.54, Orange County, California",60667,14098
1400000US06059032055,06059032055,"Census Tract 320.55, Orange County, California",76250,23496
1400000US06059032056,06059032056,"Census Tract 320.56, Orange County, California",132708,30437
1400000US06059032057,06059032057,"Census Tract 320.57, Orange County, California",159504,18441
1400000US06059032058,06059032058,"Census Tract 320.58, Orange County, California",164909,9561
1400000US06059032059,06059032059,"Census Tract 320.59, Orange County, California",148021,11397
1400000US06059032061,06059032061,"Census Tract 320.61, Orange County, California",151723,27249
1400000US06059042103,06059042103,"Census Tract 421.03, Orange County, California",88766,16780
1400000US06059042106,06059042106,"Census Tract 421.06, Orange County, California",102857,35090
1400000US06059042107,06059042107,"Census Tract 421.07, Orange County, California",56198,10388
1400000US06059042108,06059042108,"Census Tract 421.08, Orange County, California",68919,11059
1400000US06059042109,06059042109,"Census Tract 421.09, Orange County, California",76989,21258
1400000US06059042111,06059042111,"Census Tract 421.11, Orange County, California",129289,14400
1400000US06059042112,06059042112,"Census Tract 421.12, Orange County, California",146875,23838
1400000US06059042113,06059042113,"Census Tract 421.13, Orange County, California",104444,20804
1400000US06059042114,06059042114,"Census Tract 421.14, Orange County, California",97093,16108
1400000US06059042201,06059042201,"Census Tract 422.01, Orange County, California",72311,17803
1400000US06059042203,06059042203,"Census Tract 422.03, Orange County, California",92379,12825
1400000US06059042205,06059042205,"Census Tract 422.05, Orange County, California",116167,24096
1400000US06059042206,06059042206,"Census Tract 422.06, Orange County, California",82106,10058
1400000US06059042305,06059042305,"Census Tract 423.05, Orange County, California",156875,30326
1400000US06059042307,06059042307,"Census Tract 423.07, Orange County, California",117844,12828
1400000US06059042310,06059042310,"Census Tract 423.10, Orange County, California",60218,10187
1400000US06059042311,06059042311,"Census Tract 423.11, Orange County, California",116705,20121
1400000US06059042312,06059042312,"Census Tract 423.12, Orange County, California",51359,13233
1400000US06059042313,06059042313,"Census Tract 423.13, Orange County, California",68726,8184
1400000US06059042315,06059042315,"Census Tract 423.15, Orange County, California",81679,12241
1400000US06059042317,06059042317,"Census Tract 423.17, Orange County, California",106806,26821
1400000US06059042319,06059042319,"Census Tract 423.19, Orange County, California",118750,28037
1400000US06059042320,06059042320,"Census Tract 423.20, Orange County, California",76429,6182
1400000US06059042323,06059042323,"Census Tract 423.23, Orange County, California",119583,17560
1400000US06059042324,06059042324,"Census Tract 423.24, Orange County, California",79194,16492
1400000US06059042325,06059042325,"Census Tract 423.25, Orange County, California",114675,11380
1400000US06059042326,06059042326,"Census Tract 423.26, Orange County, California",95300,8093
1400000US06059042327,06059042327,"Census Tract 423.27, Orange County, California",118194,19250
1400000US06059042328,06059042328,"Census Tract 423.28, Orange County, California",207264,15276
1400000US06059042329,06059042329,"Census Tract 423.29, Orange County, California",109750,19050
1400000US06059042330,06059042330,"Census Tract 423.30, Orange County, California",92163,19940
1400000US06059042331,06059042331,"Census Tract 423.31, Orange County, California",78162,25811
1400000US06059042332,06059042332,"Census Tract 423.32, Orange County, California",115119,19371
1400000US06059042333,06059042333,"Census Tract 423.33, Orange County, California",162315,21474
1400000US06059042334,06059042334,"Census Tract 423.34, Orange County, California",83393,18756
1400000US06059042335,06059042335,"Census Tract 423.35, Orange County, California",98345,37591
1400000US06059042336,06059042336,"Census Tract 423.36, Orange County, California",135129,8283
1400000US06059042337,06059042337,"Census Tract 423.37, Orange County, California",129671,17234
1400000US06059042338,06059042338,"Census Tract 423.38, Orange County, California",106750,19037
1400000US06059042339,06059042339,"Census Tract 423.39, Orange County, California",82262,17021
1400000US06059052404,06059052404,"Census Tract 524.04, Orange County, California",89573,12741
1400000US06059052408,06059052408,"Census Tract 524.08, Orange County, California",110753,13095
1400000US06059052410,06059052410,"Census Tract 524.10, Orange County, California",63405,9610
1400000US06059052411,06059052411,"Census Tract 524.11, Orange County, California",79239,19267
1400000US06059052415,06059052415,"Census Tract 524.15, Orange County, California",140781,26615
1400000US06059052416,06059052416,"Census Tract 524.16, Orange County, California",108733,10567
1400000US06059052417,06059052417,"Census Tract 524.17, Orange County, California",85481,7136
1400000US06059052418,06059052418,"Census Tract 524.18, Orange County, California",92510,8467
1400000US06059052419,06059052419,"Census Tract 524.19, Orange County, California",143819,12857
1400000US06059052420,06059052420,"Census Tract 524.20, Orange County, California",130295,14802
1400000US06059052421,06059052421,"Census Tract 524.21, Orange County, California",106493,14125
1400000US06059052422,06059052422,"Census Tract 524.22, Orange County, California",122614,8260
1400000US06059052423,06059052423,"Census Tract 524.23, Orange County, California",91149,7594
1400000US06059052424,06059052424,"Census Tract 524.24, Orange County, California",76544,6806
1400000US06059052425,06059052425,"Census Tract 524.25, Orange County, California",87644,16825
1400000US06059052426,06059052426,"Census Tract 524.26, Orange County, California",129735,11212
1400000US06059052427,06059052427,"Census Tract 524.27, Orange County, California",124109,8390
1400000US06059052428,06059052428,"Census Tract 524.28, Orange County, California",135398,22379
1400000US06059052502,06059052502,"Census Tract 525.02, Orange County, California",102844,14180
1400000US06059052505,06059052505,"Census Tract 525.05, Orange County, California",68467,8736
1400000US06059052506,06059052506,"Census Tract 525.06, Orange County, California",123203,13089
1400000US06059052511,06059052511,"Census Tract 525.11, Orange County, California",128910,25942
1400000US06059052513,06059052513,"Census Tract 525.13, Orange County, California",95976,11139
1400000US06059052514,06059052514,"Census Tract 525.14, Orange County, California",80234,11305
1400000US06059052515,06059052515,"Census Tract 525.15, Orange County, California",103668,12421
1400000US06059052517,06059052517,"Census Tract 525.17, Orange County, California",99107,11682
1400000US06059052518,06059052518,"Census Tract 525.18, Orange County, California",93801,11737
1400000US06059052519,06059052519,"Census Tract 525.19, Orange County, California",93511,11069
1400000US06059052520,06059052520,"Census Tract 525.20, Orange County, California",92287,18833
1400000US06059052521,06059052521,"Census Tract 525.21, Orange County, California",71356,10979
1400000US06059052522,06059052522,"Census Tract 525.22, Orange County, California",121667,15456
1400000US06059052523,06059052523,"Census Tract 525.23, Orange County, California",113889,19837
1400000US06059052524,06059052524,"Census Tract 525.24, Orange County, California",84556,11121
1400000US06059052525,06059052525,"Census Tract 525.25, Orange County, California",86977,11139
1400000US06059052526,06059052526,"Census Tract 525.26, Orange County, California",114964,19237
1400000US06059052527,06059052527,"Census Tract 525.27, Orange County, California",107115,12790
1400000US06059052528,06059052528,"Census Tract 525.28, Orange County, California",101125,19039
1400000US06059062604,06059062604,"Census Tract 626.04, Orange County, California",118529,18216
1400000US06059062605,06059062605,"Census Tract 626.05, Orange County, California",73990,16963
1400000US06059062610,06059062610,"Census Tract 626.10, Orange County, California",84502,16263
1400000US06059062611,06059062611,"Census Tract 626.11, Orange County, California",61042,14722
1400000US06059062612,06059062612,"Census Tract 626.12, Orange County, California",100250,23222
1400000US06059062614,06059062614,"Census Tract 626.14, Orange County, California",41361,9142
1400000US06059062619,06059062619,"Census Tract 626.19, Orange County, California",110865,36015
1400000US06059062620,06059062620,"Census Tract 626.20, Orange County, California",165464,24966
1400000US06059062621,06059062621,"Census Tract 626.21, Orange County, California",95323,13067
1400000US06059062622,06059062622,"Census Tract 626.22, Orange County, California",38581,4302
1400000US06059062625,06059062625,"Census Tract 626.25, Orange County, California",46553,6446
1400000US06059062626,06059062626,"Census Tract 626.26, Orange County, California",24211,6419
1400000US06059062627,06059062627,"Census Tract 626.27, Orange County, California",44881,10552
1400000US06059062628,06059062628,"Census Tract 626.28, Orange County, California",103438,19638
1400000US06059062629,06059062629,"Census Tract 626.29, Orange County, California",132188,17775
1400000US06059062630,06059062630,"Census Tract 626.30, Orange County, California",114698,24951
1400000US06059062631,06059062631,"Census Tract 626.31, Orange County, California",142232,33292
1400000US06059062632,06059062632,"Census Tract 626.32, Orange County, California",122824,23637
1400000US06059062633,06059062633,"Census Tract 626.33, Orange County, California",163514,13483
1400000US06059062634,06059062634,"Census Tract 626.34, Orange County, California",116886,13636
1400000US06059062635,06059062635,"Census Tract 626.35, Orange County, California",125469,14824
1400000US06059062636,06059062636,"Census Tract 626.36, Orange County, California",96815,15258
1400000US06059062637,06059062637,"Census Tract 626.37, Orange County, California",78950,9046
1400000US06059062638,06059062638,"Census Tract 626.38, Orange County, California",107289,10553
1400000US06059062639,06059062639,"Census Tract 626.39, Orange County, California",113984,22223
1400000US06059062640,06059062640,"Census Tract 626.40, Orange County, California",86116,7666
1400000US06059062641,06059062641,"Census Tract 626.41, Orange County, California",83214,14071
1400000US06059062642,06059062642,"Census Tract 626.42, Orange County, California",138902,23719
1400000US06059062643,06059062643,"Census Tract 626.43, Orange County, California","250,000+",***
1400000US06059062644,06059062644,"Census Tract 626.44, Orange County, California",152258,21881
1400000US06059062645,06059062645,"Census Tract 626.45, Orange County, California",191375,42854
1400000US06059062646,06059062646,"Census Tract 626.46, Orange County, California",39563,4731
1400000US06059062647,06059062647,"Census Tract 626.47, Orange County, California",40694,11325
1400000US06059062648,06059062648,"Census Tract 626.48, Orange County, California",43656,6895
1400000US06059062649,06059062649,"Census Tract 626.49, Orange County, California",50236,5220
1400000US06059062701,06059062701,"Census Tract 627.01, Orange County, California",135000,55327
1400000US06059062702,06059062702,"Census Tract 627.02, Orange County, California",134648,29906
1400000US06059062800,06059062800,"Census Tract 628, Orange County, California",103538,13371
1400000US06059062900,06059062900,"Census Tract 629, Orange County, California",173000,27088
1400000US06059063004,06059063004,"Census Tract 630.04, Orange County, California",82245,11424
1400000US06059063005,06059063005,"Census Tract 630.05, Orange County, California",126731,24142
1400000US06059063006,06059063006,"Census Tract 630.06, Orange County, California",97591,28085
1400000US06059063007,06059063007,"Census Tract 630.07, Orange County, California",120848,20140
1400000US06059063008,06059063008,"Census Tract 630.08, Orange County, California",90481,21219
1400000US06059063009,06059063009,"Census Tract 630.09, Orange County, California",135625,20907
1400000US06059063010,06059063010,"Census Tract 630.10, Orange County, California",102681,21557
1400000US06059063101,06059063101,"Census Tract 631.01, Orange County, California",83438,21994
1400000US06059063102,06059063102,"Census Tract 631.02, Orange County, California",77097,26434
1400000US06059063103,06059063103,"Census Tract 631.03, Orange County, California",102813,33142
1400000US06059063201,06059063201,"Census Tract 632.01, Orange County, California",64266,11503
1400000US06059063202,06059063202,"Census Tract 632.02, Orange County, California",92639,19567
1400000US06059063301,06059063301,"Census Tract 633.01, Orange County, California",89625,13068
1400000US06059063302,06059063302,"Census Tract 633.02, Orange County, California",105152,9729
1400000US06059063400,06059063400,"Census Tract 634, Orange County, California",130664,23451
1400000US06059063500,06059063500,"Census Tract 635, Orange County, California",116250,21596
1400000US06059063601,06059063601,"Census Tract 636.01, Orange County, California",96518,14407
1400000US06059063603,06059063603,"Census Tract 636.03, Orange County, California",88224,14544
1400000US06059063604,06059063604,"Census Tract 636.04, Orange County, California",61279,4994
1400000US06059063605,06059063605,"Census Tract 636.05, Orange County, California",41809,7090
1400000US06059063701,06059063701,"Census Tract 637.01, Orange County, California",40841,8730
1400000US06059063702,06059063702,"Census Tract 637.02, Orange County, California",56288,7537
1400000US06059063802,06059063802,"Census Tract 638.02, Orange County, California",78350,23492
1400000US06059063803,06059063803,"Census Tract 638.03, Orange County, California",84286,13225
1400000US06059063805,06059063805,"Census Tract 638.05, Orange County, California",96023,19356
1400000US06059063806,06059063806,"Census Tract 638.06, Orange County, California",104516,13378
1400000US06059063807,06059063807,"Census Tract 638.07, Orange County, California",62452,21959
1400000US06059063808,06059063808,"Census Tract 638.08, Orange County, California",52656,9781
1400000US06059063902,06059063902,"Census Tract 639.02, Orange County, California",69811,10159
1400000US06059063903,06059063903,"Census Tract 639.03, Orange County, California",96250,16813
1400000US06059063904,06059063904,"Census Tract 639.04, Orange County, California",79091,9641
1400000US06059063905,06059063905,"Census Tract 639.05, Orange County, California",90372,15314
1400000US06059063906,06059063906,"Census Tract 639.06, Orange County, California",62177,6709
1400000US06059063907,06059063907,"Census Tract 639.07, Orange County, California",101932,12306
1400000US06059063908,06059063908,"Census Tract 639.08, Orange County, California",87500,8999
1400000US06059074003,06059074003,"Census Tract 740.03, Orange County, California",86202,9633
1400000US06059074004,06059074004,"Census Tract 740.04, Orange County, California",59867,20640
1400000US06059074005,06059074005,"Census Tract 740.05, Orange County, California",74524,13731
1400000US06059074006,06059074006,"Census Tract 740.06, Orange County, California",55071,8177
1400000US06059074102,06059074102,"Census Tract 741.02, Orange County, California",86297,8022
1400000US06059074103,06059074103,"Census Tract 741.03, Orange County, California",73200,13666
1400000US06059074106,06059074106,"Census Tract 741.06, Orange County, California",66964,8080
1400000US06059074107,06059074107,"Census Tract 741.07, Orange County, California",65326,8501
1400000US06059074108,06059074108,"Census Tract 741.08, Orange County, California",74770,8200
1400000US06059074109,06059074109,"Census Tract 741.09, Orange County, California",63558,11704
1400000US06059074110,06059074110,"Census Tract 741.10, Orange County, California",102560,14723
1400000US06059074111,06059074111,"Census Tract 741.11, Orange County, California",85313,26765
1400000US06059074200,06059074200,"Census Tract 742, Orange County, California",78355,14530
1400000US06059074300,06059074300,"Census Tract 743, Orange County, California",56000,6459
1400000US06059074403,06059074403,"Census Tract 744.03, Orange County, California",38005,6115
1400000US06059074405,06059074405,"Census Tract 744.05, Orange County, California",39290,4651
1400000US06059074406,06059074406,"Census Tract 744.06, Orange County, California",47256,5532
1400000US06059074407,06059074407,"Census Tract 744.07, Orange County, California",38956,3219
1400000US06059074408,06059074408,"Census Tract 744.08, Orange County, California",45245,6873
1400000US06059074501,06059074501,"Census Tract 745.01, Orange County, California",36333,9309
1400000US06059074502,06059074502,"Census Tract 745.02, Orange County, California",58250,16441
1400000US06059074601,06059074601,"Census Tract 746.01, Orange County, California",62500,9681
1400000US06059074602,06059074602,"Census Tract 746.02, Orange County, California",60068,13845
1400000US06059074701,06059074701,"Census Tract 747.01, Orange County, California",61146,22372
1400000US06059074702,06059074702,"Census Tract 747.02, Orange County, California",59452,12249
1400000US06059074801,06059074801,"Census Tract 748.01, Orange County, California",64405,10592
1400000US06059074802,06059074802,"Census Tract 748.02, Orange County, California",49904,7901
1400000US06059074803,06059074803,"Census Tract 748.03, Orange County, California",56016,14470
1400000US06059074805,06059074805,"Census Tract 748.05, Orange County, California",47458,3283
1400000US06059074806,06059074806,"Census Tract 748.06, Orange County, California",54727,7230
1400000US06059074901,06059074901,"Census Tract 749.01, Orange County, California",48530,4193
1400000US06059074902,06059074902,"Census Tract 749.02, Orange County, California",45324,6273
1400000US06059075002,06059075002,"Census Tract 750.02, Orange County, California",30285,5941
1400000US06059075003,06059075003,"Census Tract 750.03, Orange County, California",38590,3844
1400000US06059075004,06059075004,"Census Tract 750.04, Orange County, California",30577,6938
1400000US06059075100,06059075100,"Census Tract 751, Orange County, California",44871,9373
1400000US06059075201,06059075201,"Census Tract 752.01, Orange County, California",49715,9073
1400000US06059075202,06059075202,"Census Tract 752.02, Orange County, California",64213,14016
1400000US06059075301,06059075301,"Census Tract 753.01, Orange County, California",57207,10404
1400000US06059075302,06059075302,"Census Tract 753.02, Orange County, California",69449,5246
1400000US06059075303,06059075303,"Census Tract 753.03, Orange County, California",87024,16801
1400000US06059075401,06059075401,"Census Tract 754.01, Orange County, California",88036,25065
1400000US06059075403,06059075403,"Census Tract 754.03, Orange County, California",66532,4093
1400000US06059075404,06059075404,"Census Tract 754.04, Orange County, California",70694,15173
1400000US06059075405,06059075405,"Census Tract 754.05, Orange County, California",67652,7906
1400000US06059075504,06059075504,"Census Tract 755.04, Orange County, California",66797,10078
1400000US06059075505,06059075505,"Census Tract 755.05, Orange County, California",70938,7169
1400000US06059075506,06059075506,"Census Tract 755.06, Orange County, California",81750,7716
1400000US06059075507,06059075507,"Census Tract 755.07, Orange County, California",63420,7716
1400000US06059075512,06059075512,"Census Tract 755.12, Orange County, California",62500,13340
1400000US06059075513,06059075513,"Census Tract 755.13, Orange County, California",65739,7154
1400000US06059075514,06059075514,"Census Tract 755.14, Orange County, California",42708,5154
1400000US06059075515,06059075515,"Census Tract 755.15, Orange County, California",79402,13985
1400000US06059075603,06059075603,"Census Tract 756.03, Orange County, California",105893,8486
1400000US06059075604,06059075604,"Census Tract 756.04, Orange County, California",156071,20687
1400000US06059075605,06059075605,"Census Tract 756.05, Orange County, California",112097,19072
1400000US06059075606,06059075606,"Census Tract 756.06, Orange County, California",178500,46931
1400000US06059075607,06059075607,"Census Tract 756.07, Orange County, California",96406,15943
1400000US06059075701,06059075701,"Census Tract 757.01, Orange County, California",82591,11454
1400000US06059075702,06059075702,"Census Tract 757.02, Orange County, California",98864,15813
1400000US06059075703,06059075703,"Census Tract 757.03, Orange County, California",141576,27337
1400000US06059075805,06059075805,"Census Tract 758.05, Orange County, California",75159,13589
1400000US06059075806,06059075806,"Census Tract 758.06, Orange County, California",77546,20535
1400000US06059075807,06059075807,"Census Tract 758.07, Orange County, California",90868,24449
1400000US06059075808,06059075808,"Census Tract 758.08, Orange County, California",124813,18879
1400000US06059075809,06059075809,"Census Tract 758.09, Orange County, California",155071,26312
1400000US06059075810,06059075810,"Census Tract 758.10, Orange County, California",126806,24082
1400000US06059075811,06059075811,"Census Tract 758.11, Orange County, California",73357,6771
1400000US06059075812,06059075812,"Census Tract 758.12, Orange County, California",70250,12669
1400000US06059075813,06059075813,"Census Tract 758.13, Orange County, California",117813,12517
1400000US06059075814,06059075814,"Census Tract 758.14, Orange County, California",134750,23038
1400000US06059075815,06059075815,"Census Tract 758.15, Orange County, California",78351,9788
1400000US06059075816,06059075816,"Census Tract 758.16, Orange County, California",64048,9833
1400000US06059075901,06059075901,"Census Tract 759.01, Orange County, California",56929,10393
1400000US06059075902,06059075902,"Census Tract 759.02, Orange County, California",69669,6379
1400000US06059076000,06059076000,"Census Tract 760, Orange County, California",62753,8661
1400000US06059076101,06059076101,"Census Tract 761.01, Orange County, California",79884,10871
1400000US06059076102,06059076102,"Census Tract 761.02, Orange County, California",53015,10407
1400000US06059076103,06059076103,"Census Tract 761.03, Orange County, California",50337,6664
1400000US06059076201,06059076201,"Census Tract 762.01, Orange County, California",115917,19563
1400000US06059076202,06059076202,"Census Tract 762.02, Orange County, California",82805,13384
1400000US06059076204,06059076204,"Census Tract 762.04, Orange County, California",58771,7072
1400000US06059076205,06059076205,"Census Tract 762.05, Orange County, California",83893,9990
1400000US06059076206,06059076206,"Census Tract 762.06, Orange County, California",63875,19857
1400000US06059076208,06059076208,"Census Tract 762.08, Orange County, California",84527,5654
1400000US06059086301,06059086301,"Census Tract 863.01, Orange County, California",64911,14660
1400000US06059086303,06059086303,"Census Tract 863.03, Orange County, California",75881,7880
1400000US06059086304,06059086304,"Census Tract 863.04, Orange County, California",60337,11044
1400000US06059086305,06059086305,"Census Tract 863.05, Orange County, California",101643,20953
1400000US06059086306,06059086306,"Census Tract 863.06, Orange County, California",76715,10179
1400000US06059086402,06059086402,"Census Tract 864.02, Orange County, California",81298,12602
1400000US06059086404,06059086404,"Census Tract 864.04, Orange County, California",71937,6618
1400000US06059086405,06059086405,"Census Tract 864.05, Orange County, California",48973,8669
1400000US06059086406,06059086406,"Census Tract 864.06, Orange County, California",61103,4171
1400000US06059086407,06059086407,"Census Tract 864.07, Orange County, California",57153,5859
1400000US06059086501,06059086501,"Census Tract 865.01, Orange County, California",53068,7096
1400000US06059086502,06059086502,"Census Tract 865.02, Orange County, California",52982,6148
1400000US06059086601,06059086601,"Census Tract 866.01, Orange County, California",47580,6371
1400000US06059086602,06059086602,"Census Tract 866.02, Orange County, California",53988,9649
1400000US06059086701,06059086701,"Census Tract 867.01, Orange County, California",78080,12111
1400000US06059086702,06059086702,"Census Tract 867.02, Orange County, California",60303,4564
1400000US06059086801,06059086801,"Census Tract 868.01, Orange County, California",64563,18086
1400000US06059086802,06059086802,"Census Tract 868.02, Orange County, California",51823,11920
1400000US06059086803,06059086803,"Census Tract 868.03, Orange County, California",60171,8804
1400000US06059086901,06059086901,"Census Tract 869.01, Orange County, California",35750,9472
1400000US06059086902,06059086902,"Census Tract 869.02, Orange County, California",65428,6128
1400000US06059086903,06059086903,"Census Tract 869.03, Orange County, California",56524,6960
1400000US06059087001,06059087001,"Census Tract 870.01, Orange County, California",54898,14707
1400000US06059087002,06059087002,"Census Tract 870.02, Orange County, California",64010,9912
1400000US06059087101,06059087101,"Census Tract 871.01, Orange County, California",54300,6346
1400000US06059087102,06059087102,"Census Tract 871.02, Orange County, California",58472,9159
1400000US06059087103,06059087103,"Census Tract 871.03, Orange County, California",53313,12689
1400000US06059087105,06059087105,"Census Tract 871.05, Orange County, California",59250,21617
1400000US06059087106,06059087106,"Census Tract 871.06, Orange County, California",49375,7651
1400000US06059087200,06059087200,"Census Tract 872, Orange County, California",53987,8377
1400000US06059087300,06059087300,"Census Tract 873, Orange County, California",62455,3805
1400000US06059087401,06059087401,"Census Tract 874.01, Orange County, California",98032,8194
1400000US06059087403,06059087403,"Census Tract 874.03, Orange County, California",45573,3522
1400000US06059087404,06059087404,"Census Tract 874.04, Orange County, California",51136,10454
1400000US06059087405,06059087405,"Census Tract 874.05, Orange County, California",40402,7214
1400000US06059087503,06059087503,"Census Tract 875.03, Orange County, California",62962,7138
1400000US06059087504,06059087504,"Census Tract 875.04, Orange County, California",38625,4207
1400000US06059087505,06059087505,"Census Tract 875.05, Orange County, California",46850,14829
1400000US06059087601,06059087601,"Census Tract 876.01, Orange County, California",51596,12078
1400000US06059087602,06059087602,"Census Tract 876.02, Orange County, California",75221,11305
1400000US06059087701,06059087701,"Census Tract 877.01, Orange County, California",54466,3364
1400000US06059087703,06059087703,"Census Tract 877.03, Orange County, California",56102,6878
1400000US06059087704,06059087704,"Census Tract 877.04, Orange County, California",81891,13073
1400000US06059087801,06059087801,"Census Tract 878.01, Orange County, California",67833,10239
1400000US06059087802,06059087802,"Census Tract 878.02, Orange County, California",56674,9720
1400000US06059087803,06059087803,"Census Tract 878.03, Orange County, California",45438,9464
1400000US06059087805,06059087805,"Census Tract 878.05, Orange County, California",53706,7450
1400000US06059087806,06059087806,"Census Tract 878.06, Orange County, California",38477,3227
1400000US06059087901,06059087901,"Census Tract 879.01, Orange County, California",49758,7036
1400000US06059087902,06059087902,"Census Tract 879.02, Orange County, California",41287,9004
1400000US06059088001,06059088001,"Census Tract 880.01, Orange County, California",60768,9863
1400000US06059088002,06059088002,"Census Tract 880.02, Orange County, California",72063,16718
1400000US06059088101,06059088101,"Census Tract 881.01, Orange County, California",71250,6075
1400000US06059088104,06059088104,"Census Tract 881.04, Orange County, California",61683,8568
1400000US06059088105,06059088105,"Census Tract 881.05, Orange County, California",79500,16196
1400000US06059088106,06059088106,"Census Tract 881.06, Orange County, California",53750,1591
1400000US06059088107,06059088107,"Census Tract 881.07, Orange County, California",52374,11433
1400000US06059088201,06059088201,"Census Tract 882.01, Orange County, California",44464,13129
1400000US06059088202,06059088202,"Census Tract 882.02, Orange County, California",82292,7491
1400000US06059088203,06059088203,"Census Tract 882.03, Orange County, California",52292,11697
1400000US06059088301,06059088301,"Census Tract 883.01, Orange County, California",59323,7238
1400000US06059088302,06059088302,"Census Tract 883.02, Orange County, California",109700,12141
1400000US06059088401,06059088401,"Census Tract 884.01, Orange County, California",86823,6462
1400000US06059088402,06059088402,"Census Tract 884.02, Orange County, California",57078,6047
1400000US06059088403,06059088403,"Census Tract 884.03, Orange County, California",74550,9054
1400000US06059088501,06059088501,"Census Tract 885.01, Orange County, California",57985,6625
1400000US06059088502,06059088502,"Census Tract 885.02, Orange County, California",54115,18396
1400000US06059088601,06059088601,"Census Tract 886.01, Orange County, California",54330,10754
1400000US06059088602,06059088602,"Census Tract 886.02, Orange County, California",63355,12293
1400000US06059088701,06059088701,"Census Tract 887.01, Orange County, California",40912,5836
1400000US06059088702,06059088702,"Census Tract 887.02, Orange County, California",66417,9356
1400000US06059088801,06059088801,"Census Tract 888.01, Orange County, California",54922,11845
1400000US06059088802,06059088802,"Census Tract 888.02, Orange County, California",56546,11829
1400000US06059088901,06059088901,"Census Tract 889.01, Orange County, California",51987,14805
1400000US06059088902,06059088902,"Census Tract 889.02, Orange County, California",58182,15575
1400000US06059088903,06059088903,"Census Tract 889.03, Orange County, California",63339,6858
1400000US06059088904,06059088904,"Census Tract 889.04, Orange County, California",55450,18377
1400000US06059088905,06059088905,"Census Tract 889.05, Orange County, California",51010,4789
1400000US06059089001,06059089001,"Census Tract 890.01, Orange County, California",53732,6628
1400000US06059089003,06059089003,"Census Tract 890.03, Orange County, California",58427,7496
1400000US06059089004,06059089004,"Census Tract 890.04, Orange County, California",41853,1890
1400000US06059089102,06059089102,"Census Tract 891.02, Orange County, California",58043,8167
1400000US06059089104,06059089104,"Census Tract 891.04, Orange County, California",46949,11531
1400000US06059089105,06059089105,"Census Tract 891.05, Orange County, California",54318,7088
1400000US06059089106,06059089106,"Census Tract 891.06, Orange County, California",46563,3952
1400000US06059089107,06059089107,"Census Tract 891.07, Orange County, California",79056,11619
1400000US06059099202,06059099202,"Census Tract 992.02, Orange County, California",55775,8512
1400000US06059099203,06059099203,"Census Tract 992.03, Orange County, California",68384,11267
1400000US06059099204,06059099204,"Census Tract 992.04, Orange County, California",59117,6512
1400000US06059099212,06059099212,"Census Tract 992.12, Orange County, California",65526,9721
1400000US06059099214,06059099214,"Census Tract 992.14, Orange County, California",82946,9593
1400000US06059099215,06059099215,"Census Tract 992.15, Orange County, California",102500,12393
1400000US06059099216,06059099216,"Census Tract 992.16, Orange County, California",89941,11786
1400000US06059099217,06059099217,"Census Tract 992.17, Orange County, California",120588,22399
1400000US06059099220,06059099220,"Census Tract 992.20, Orange County, California",97981,12223
1400000US06059099222,06059099222,"Census Tract 992.22, Orange County, California",60256,9455
1400000US06059099223,06059099223,"Census Tract 992.23, Orange County, California",41855,5225
1400000US06059099224,06059099224,"Census Tract 992.24, Orange County, California",85463,16769
1400000US06059099225,06059099225,"Census Tract 992.25, Orange County, California",117578,31399
1400000US06059099226,06059099226,"Census Tract 992.26, Orange County, California",100559,15667
1400000US06059099227,06059099227,"Census Tract 992.27, Orange County, California",68258,6432
1400000US06059099229,06059099229,"Census Tract 992.29, Orange County, California",68942,12150
1400000US06059099230,06059099230,"Census Tract 992.30, Orange County, California",95924,10393
1400000US06059099231,06059099231,"Census Tract 992.31, Orange County, California",124321,17534
1400000US06059099232,06059099232,"Census Tract 992.32, Orange County, California",95000,10405
1400000US06059099233,06059099233,"Census Tract 992.33, Orange County, California",86694,9192
1400000US06059099234,06059099234,"Census Tract 992.34, Orange County, California",103152,23494
1400000US06059099235,06059099235,"Census Tract 992.35, Orange County, California",60029,11358
1400000US06059099237,06059099237,"Census Tract 992.37, Orange County, California",122689,21405
1400000US06059099238,06059099238,"Census Tract 992.38, Orange County, California",131750,19131
1400000US06059099239,06059099239,"Census Tract 992.39, Orange County, California",116319,31109
1400000US06059099240,06059099240,"Census Tract 992.40, Orange County, California",90252,12034
1400000US06059099241,06059099241,"Census Tract 992.41, Orange County, California",62313,15696
1400000US06059099242,06059099242,"Census Tract 992.42, Orange County, California",87880,14512
1400000US06059099243,06059099243,"Census Tract 992.43, Orange County, California",102273,17809
1400000US06059099244,06059099244,"Census Tract 992.44, Orange County, California",68125,9734
1400000US06059099245,06059099245,"Census Tract 992.45, Orange County, California",107500,10140
1400000US06059099246,06059099246,"Census Tract 992.46, Orange County, California",86289,29059
1400000US06059099247,06059099247,"Census Tract 992.47, Orange County, California",62143,6025
1400000US06059099248,06059099248,"Census Tract 992.48, Orange County, California",49275,7292
1400000US06059099249,06059099249,"Census Tract 992.49, Orange County, California",55863,9156
1400000US06059099250,06059099250,"Census Tract 992.50, Orange County, California",81692,5976
1400000US06059099251,06059099251,"Census Tract 992.51, Orange County, California",71509,12473
1400000US06059099305,06059099305,"Census Tract 993.05, Orange County, California",72333,11980
1400000US06059099306,06059099306,"Census Tract 993.06, Orange County, California",87917,15607
1400000US06059099307,06059099307,"Census Tract 993.07, Orange County, California",75119,13504
1400000US06059099308,06059099308,"Census Tract 993.08, Orange County, California",146016,34999
1400000US06059099309,06059099309,"Census Tract 993.09, Orange County, California",88764,10982
1400000US06059099310,06059099310,"Census Tract 993.10, Orange County, California",100917,8060
1400000US06059099311,06059099311,"Census Tract 993.11, Orange County, California",99297,12355
1400000US06059099402,06059099402,"Census Tract 994.02, Orange County, California",38400,4904
1400000US06059099404,06059099404,"Census Tract 994.04, Orange County, California",109515,7784
1400000US06059099405,06059099405,"Census Tract 994.05, Orange County, California",92479,15238
1400000US06059099406,06059099406,"Census Tract 994.06, Orange County, California",80957,8249
1400000US06059099407,06059099407,"Census Tract 994.07, Orange County, California",87143,22389
1400000US06059099408,06059099408,"Census Tract 994.08, Orange County, California",91295,9174
1400000US06059099410,06059099410,"Census Tract 994.10, Orange County, California",62116,7086
1400000US06059099411,06059099411,"Census Tract 994.11, Orange County, California",66719,6352
1400000US06059099412,06059099412,"Census Tract 994.12, Orange County, California",83162,7986
1400000US06059099413,06059099413,"Census Tract 994.13, Orange County, California",74821,13375
1400000US06059099415,06059099415,"Census Tract 994.15, Orange County, California",146250,15256
1400000US06059099416,06059099416,"Census Tract 994.16, Orange County, California",86813,6942
1400000US06059099417,06059099417,"Census Tract 994.17, Orange County, California",106815,15145
1400000US06059099502,06059099502,"Census Tract 995.02, Orange County, California",50625,12646
1400000US06059099504,06059099504,"Census Tract 995.04, Orange County, California",121295,16487
1400000US06059099506,06059099506,"Census Tract 995.06, Orange County, California",82083,14440
1400000US06059099508,06059099508,"Census Tract 995.08, Orange County, California",80689,5916
1400000US06059099509,06059099509,"Census Tract 995.09, Orange County, California",33750,8059
1400000US06059099510,06059099510,"Census Tract 995.10, Orange County, California",33664,4136
1400000US06059099511,06059099511,"Census Tract 995.11, Orange County, California",93785,8484
1400000US06059099512,06059099512,"Census Tract 995.12, Orange County, California",99727,11196
1400000US06059099513,06059099513,"Census Tract 995.13, Orange County, California",84632,14309
1400000US06059099514,06059099514,"Census Tract 995.14, Orange County, California",117006,26412
1400000US06059099601,06059099601,"Census Tract 996.01, Orange County, California",45676,8715
1400000US06059099602,06059099602,"Census Tract 996.02, Orange County, California",90500,13035
1400000US06059099603,06059099603,"Census Tract 996.03, Orange County, California",93196,13380
1400000US06059099604,06059099604,"Census Tract 996.04, Orange County, California",98934,5696
1400000US06059099605,06059099605,"Census Tract 996.05, Orange County, California",105644,21664
1400000US06059099701,06059099701,"Census Tract 997.01, Orange County, California",50945,7885
1400000US06059099702,06059099702,"Census Tract 997.02, Orange County, California",56675,9212
1400000US06059099703,06059099703,"Census Tract 997.03, Orange County, California",81491,8713
1400000US06059099801,06059099801,"Census Tract 998.01, Orange County, California",53297,3856
1400000US06059099802,06059099802,"Census Tract 998.02, Orange County, California",31029,4395
1400000US06059099803,06059099803,"Census Tract 998.03, Orange County, California",33769,6837
1400000US06059099902,06059099902,"Census Tract 999.02, Orange County, California",73068,14272
1400000US06059099903,06059099903,"Census Tract 999.03, Orange County, California",70469,15495
1400000US06059099904,06059099904,"Census Tract 999.04, Orange County, California",45360,6961
1400000US06059099905,06059099905,"Census Tract 999.05, Orange County, California",65688,14244
1400000US06059099906,06059099906,"Census Tract 999.06, Orange County, California",107991,12667
1400000US06059110001,06059110001,"Census Tract 1100.01, Orange County, California",95375,12636
1400000US06059110003,06059110003,"Census Tract 1100.03, Orange County, California",84183,26011
1400000US06059110004,06059110004,"Census Tract 1100.04, Orange County, California",103608,7623
1400000US06059110005,06059110005,"Census Tract 1100.05, Orange County, California",94028,20049
1400000US06059110006,06059110006,"Census Tract 1100.06, Orange County, California",104383,14489
1400000US06059110007,06059110007,"Census Tract 1100.07, Orange County, California",119150,14164
1400000US06059110008,06059110008,"Census Tract 1100.08, Orange County, California",106406,7217
1400000US06059110010,06059110010,"Census Tract 1100.10, Orange County, California",116622,9055
1400000US06059110011,06059110011,"Census Tract 1100.11, Orange County, California",93864,10205
1400000US06059110012,06059110012,"Census Tract 1100.12, Orange County, California",118906,21715
1400000US06059110014,06059110014,"Census Tract 1100.14, Orange County, California",61176,3766
1400000US06059110015,06059110015,"Census Tract 1100.15, Orange County, California",107902,16188
1400000US06059110102,06059110102,"Census Tract 1101.02, Orange County, California",92236,8067
1400000US06059110104,06059110104,"Census Tract 1101.04, Orange County, California",72344,14318
1400000US06059110106,06059110106,"Census Tract 1101.06, Orange County, California",88710,6719
1400000US06059110108,06059110108,"Census Tract 1101.08, Orange County, California",105288,22495
1400000US06059110109,06059110109,"Census Tract 1101.09, Orange County, California",86500,5366
1400000US06059110110,06059110110,"Census Tract 1101.10, Orange County, California",73575,8786
1400000US06059110111,06059110111,"Census Tract 1101.11, Orange County, California",83289,6038
1400000US06059110113,06059110113,"Census Tract 1101.13, Orange County, California",109967,9420
1400000US06059110114,06059110114,"Census Tract 1101.14, Orange County, California",102292,16877
1400000US06059110115,06059110115,"Census Tract 1101.15, Orange County, California",98750,20293
1400000US06059110116,06059110116,"Census Tract 1101.16, Orange County, California",94199,27177
1400000US06059110117,06059110117,"Census Tract 1101.17, Orange County, California",89977,10794
1400000US06059110118,06059110118,"Census Tract 1101.18, Orange County, California",175714,15277
1400000US06059110201,06059110201,"Census Tract 1102.01, Orange County, California",56101,9706
1400000US06059110202,06059110202,"Census Tract 1102.02, Orange County, California",54766,7197
1400000US06059110203,06059110203,"Census Tract 1102.03, Orange County, California",79483,11969
1400000US06059110301,06059110301,"Census Tract 1103.01, Orange County, California",84009,7362
1400000US06059110302,06059110302,"Census Tract 1103.02, Orange County, California",85947,8891
1400000US06059110303,06059110303,"Census Tract 1103.03, Orange County, California",94710,9712
1400000US06059110304,06059110304,"Census Tract 1103.04, Orange County, California",100000,9432
1400000US06059110401,06059110401,"Census Tract 1104.01, Orange County, California",92861,11963
1400000US06059110402,06059110402,"Census Tract 1104.02, Orange County, California",63824,10076
1400000US06059110500,06059110500,"Census Tract 1105, Orange County, California",49881,12149
1400000US06059110603,06059110603,"Census Tract 1106.03, Orange County, California",48045,8556
1400000US06059110604,06059110604,"Census Tract 1106.04, Orange County, California",84567,20010
1400000US06059110605,06059110605,"Census Tract 1106.05, Orange County, California",86192,9470
1400000US06059110606,06059110606,"Census Tract 1106.06, Orange County, California",50296,7676
1400000US06059110607,06059110607,"Census Tract 1106.07, Orange County, California",78056,13454
1400000US06059980000,06059980000,"Census Tract 9800, Orange County, California",-,**
1400000US06059990100,06059990100,"Census Tract 9901, Orange County, California",-,**
